Customer_ID,Customer_Name,Customer_Type,Location_ID,Sales_Channel,Customer_Since
C00001,Customer 00001,Consumer,LOC04,Marketplace,2023-03-02
C00002,Customer 00002,Consumer,LOC05,Retail Store,2022-09-05
C00003,Customer 00003,Consumer,LOC05,Online,2023-02-08
C00004,Customer 00004,Enterprise,LOC01,Online,2023-06-12
C00005,Customer 00005,Consumer,LOC06,Retail Store,2022-07-26
C00006,Customer 00006,Small Business,LOC02,Online,2020-11-28
C00007,Customer 00007,Consumer,LOC02,Marketplace,2022-02-10
C00008,Customer 00008,Consumer,LOC02,Marketplace,2021-03-10
C00009,Customer 00009,Consumer,LOC03,Online,2022-04-15
C00010,Customer 00010,Small Business,LOC02,Online,2023-01-12
C00011,Customer 00011,Consumer,LOC03,Online,2021-01-11
C00012,Customer 00012,Consumer,LOC02,Online,2021-03-24
C00013,Customer 00013,Consumer,LOC01,Online,2024-01-21
C00014,Customer 00014,Consumer,LOC03,Online,2021-11-10
C00015,Customer 00015,Consumer,LOC05,Marketplace,2020-12-23
C00016,Customer 00016,Consumer,LOC05,Retail Store,2023-07-07
C00017,Customer 00017,Consumer,LOC03,Retail Store,2023-07-13
C00018,Customer 00018,Small Business,LOC02,Online,2024-01-27
C00019,Customer 00019,Small Business,LOC05,Online,2023-09-29
C00020,Customer 00020,Consumer,LOC05,Online,2024-11-20
C00021,Customer 00021,Consumer,LOC05,Online,2022-10-31
C00022,Customer 00022,Consumer,LOC06,Retail Store,2021-05-31
C00023,Customer 00023,Consumer,LOC05,Online,2024-04-02
C00024,Customer 00024,Consumer,LOC06,Online,2021-04-21
C00025,Customer 00025,Consumer,LOC03,Retail Store,2021-06-07
C00026,Customer 00026,Consumer,LOC03,Online,2024-01-31
C00027,Customer 00027,Small Business,LOC02,Online,2024-05-05
C00028,Customer 00028,Consumer,LOC02,Online,2021-09-02
C00029,Customer 00029,Small Business,LOC05,Marketplace,2023-08-05
C00030,Customer 00030,Consumer,LOC05,Marketplace,2024-07-18
C00031,Customer 00031,Consumer,LOC05,Online,2023-12-08
C00032,Customer 00032,Consumer,LOC02,Retail Store,2020-01-09
C00033,Customer 00033,Consumer,LOC03,Retail Store,2023-04-11
C00034,Customer 00034,Small Business,LOC02,Retail Store,2020-11-01
C00035,Customer 00035,Small Business,LOC06,Online,2024-03-03
C00036,Customer 00036,Consumer,LOC02,Online,2020-04-30
C00037,Customer 00037,Enterprise,LOC01,Retail Store,2024-11-22
C00038,Customer 00038,Consumer,LOC04,Online,2020-11-15
C00039,Customer 00039,Consumer,LOC06,Marketplace,2022-01-26
C00040,Customer 00040,Consumer,LOC06,Marketplace,2021-02-25
C00041,Customer 00041,Small Business,LOC01,Online,2024-01-05
C00042,Customer 00042,Consumer,LOC02,Marketplace,2021-12-09
C00043,Customer 00043,Consumer,LOC01,Retail Store,2023-09-02
C00044,Customer 00044,Consumer,LOC02,Marketplace,2020-04-30
C00045,Customer 00045,Enterprise,LOC04,Online,2022-03-26
C00046,Customer 00046,Small Business,LOC02,Retail Store,2024-06-27
C00047,Customer 00047,Consumer,LOC01,Online,2024-07-26
C00048,Customer 00048,Small Business,LOC04,Marketplace,2021-01-10
C00049,Customer 00049,Small Business,LOC01,Retail Store,2021-12-10
C00050,Customer 00050,Consumer,LOC02,Marketplace,2022-01-06
C00051,Customer 00051,Consumer,LOC01,Online,2022-10-14
C00052,Customer 00052,Small Business,LOC01,Online,2022-08-25
C00053,Customer 00053,Consumer,LOC03,Online,2020-07-09
C00054,Customer 00054,Consumer,LOC06,Online,2023-10-04
C00055,Customer 00055,Consumer,LOC05,Online,2021-02-10
C00056,Customer 00056,Consumer,LOC01,Marketplace,2021-07-20
C00057,Customer 00057,Consumer,LOC01,Online,2024-02-22
C00058,Customer 00058,Small Business,LOC03,Marketplace,2023-05-26
C00059,Customer 00059,Consumer,LOC04,Retail Store,2021-12-14
C00060,Customer 00060,Consumer,LOC05,Online,2024-06-30
C00061,Customer 00061,Small Business,LOC05,Marketplace,2021-12-10
C00062,Customer 00062,Consumer,LOC03,Marketplace,2022-10-14
C00063,Customer 00063,Consumer,LOC02,Online,2021-03-18
C00064,Customer 00064,Consumer,LOC01,Online,2020-11-25
C00065,Customer 00065,Small Business,LOC01,Marketplace,2022-06-03
C00066,Customer 00066,Consumer,LOC01,Retail Store,2022-10-10
C00067,Customer 00067,Consumer,LOC06,Marketplace,2023-12-21
C00068,Customer 00068,Small Business,LOC02,Retail Store,2021-12-04
C00069,Customer 00069,Enterprise,LOC05,Retail Store,2024-05-30
C00070,Customer 00070,Consumer,LOC04,Online,2022-12-29
C00071,Customer 00071,Consumer,LOC04,Marketplace,2020-05-06
C00072,Customer 00072,Consumer,LOC03,Online,2023-08-23
C00073,Customer 00073,Consumer,LOC05,Retail Store,2022-10-31
C00074,Customer 00074,Consumer,LOC01,Online,2021-12-01
C00075,Customer 00075,Consumer,LOC01,Online,2022-04-21
C00076,Customer 00076,Consumer,LOC03,Retail Store,2021-06-27
C00077,Customer 00077,Consumer,LOC03,Online,2023-01-10
C00078,Customer 00078,Consumer,LOC04,Marketplace,2022-10-17
C00079,Customer 00079,Consumer,LOC05,Online,2022-03-16
C00080,Customer 00080,Consumer,LOC04,Retail Store,2021-05-28
C00081,Customer 00081,Small Business,LOC02,Retail Store,2021-12-18
C00082,Customer 00082,Consumer,LOC02,Online,2022-06-15
C00083,Customer 00083,Consumer,LOC05,Marketplace,2022-04-29
C00084,Customer 00084,Consumer,LOC02,Online,2021-07-10
C00085,Customer 00085,Consumer,LOC04,Marketplace,2022-11-13
C00086,Customer 00086,Small Business,LOC04,Marketplace,2021-02-11
C00087,Customer 00087,Consumer,LOC05,Retail Store,2022-06-20
C00088,Customer 00088,Consumer,LOC05,Online,2020-08-06
C00089,Customer 00089,Consumer,LOC03,Online,2022-04-29
C00090,Customer 00090,Consumer,LOC02,Marketplace,2023-11-12
C00091,Customer 00091,Enterprise,LOC03,Marketplace,2024-01-12
C00092,Customer 00092,Consumer,LOC03,Online,2023-06-04
C00093,Customer 00093,Small Business,LOC02,Online,2023-09-04
C00094,Customer 00094,Consumer,LOC04,Online,2020-04-28
C00095,Customer 00095,Consumer,LOC02,Retail Store,2021-09-06
C00096,Customer 00096,Consumer,LOC04,Online,2023-03-23
C00097,Customer 00097,Consumer,LOC05,Online,2023-12-12
C00098,Customer 00098,Consumer,LOC06,Retail Store,2022-11-15
C00099,Customer 00099,Consumer,LOC01,Online,2024-03-16
C00100,Customer 00100,Enterprise,LOC05,Marketplace,2021-05-06
C00101,Customer 00101,Consumer,LOC01,Online,2020-10-03
C00102,Customer 00102,Small Business,LOC03,Retail Store,2020-06-04
C00103,Customer 00103,Small Business,LOC02,Marketplace,2022-11-14
C00104,Customer 00104,Consumer,LOC01,Retail Store,2023-04-12
C00105,Customer 00105,Small Business,LOC02,Online,2021-05-28
C00106,Customer 00106,Consumer,LOC01,Online,2023-11-11
C00107,Customer 00107,Consumer,LOC05,Marketplace,2023-08-23
C00108,Customer 00108,Small Business,LOC01,Online,2021-10-10
C00109,Customer 00109,Small Business,LOC03,Online,2021-03-05
C00110,Customer 00110,Consumer,LOC05,Online,2023-08-29
C00111,Customer 00111,Consumer,LOC06,Retail Store,2023-04-23
C00112,Customer 00112,Consumer,LOC06,Marketplace,2020-11-03
C00113,Customer 00113,Small Business,LOC01,Marketplace,2021-04-04
C00114,Customer 00114,Consumer,LOC06,Marketplace,2022-05-24
C00115,Customer 00115,Consumer,LOC04,Online,2022-07-09
C00116,Customer 00116,Consumer,LOC02,Online,2020-10-25
C00117,Customer 00117,Consumer,LOC03,Online,2024-09-03
C00118,Customer 00118,Consumer,LOC06,Marketplace,2021-11-30
C00119,Customer 00119,Small Business,LOC03,Online,2021-11-17
C00120,Customer 00120,Consumer,LOC02,Retail Store,2020-04-18
C00121,Customer 00121,Consumer,LOC06,Retail Store,2024-04-25
C00122,Customer 00122,Consumer,LOC06,Online,2021-02-27
C00123,Customer 00123,Consumer,LOC06,Marketplace,2024-11-11
C00124,Customer 00124,Small Business,LOC06,Online,2022-06-11
C00125,Customer 00125,Consumer,LOC06,Retail Store,2024-04-23
C00126,Customer 00126,Consumer,LOC03,Retail Store,2020-11-18
C00127,Customer 00127,Consumer,LOC02,Retail Store,2020-10-25
C00128,Customer 00128,Consumer,LOC04,Online,2023-12-13
C00129,Customer 00129,Small Business,LOC02,Online,2024-01-15
C00130,Customer 00130,Consumer,LOC03,Online,2022-09-04
C00131,Customer 00131,Consumer,LOC04,Online,2020-02-27
C00132,Customer 00132,Small Business,LOC06,Online,2024-08-25
C00133,Customer 00133,Consumer,LOC02,Online,2021-12-08
C00134,Customer 00134,Consumer,LOC02,Retail Store,2024-08-11
C00135,Customer 00135,Consumer,LOC05,Online,2024-04-16
C00136,Customer 00136,Consumer,LOC01,Online,2024-03-12
C00137,Customer 00137,Consumer,LOC04,Retail Store,2023-05-24
C00138,Customer 00138,Consumer,LOC05,Marketplace,2023-04-26
C00139,Customer 00139,Consumer,LOC04,Marketplace,2022-08-16
C00140,Customer 00140,Consumer,LOC03,Marketplace,2020-02-14
C00141,Customer 00141,Consumer,LOC05,Retail Store,2021-11-29
C00142,Customer 00142,Consumer,LOC03,Marketplace,2023-08-07
C00143,Customer 00143,Consumer,LOC05,Online,2024-01-02
C00144,Customer 00144,Consumer,LOC03,Marketplace,2022-10-04
C00145,Customer 00145,Consumer,LOC01,Online,2023-07-01
C00146,Customer 00146,Small Business,LOC04,Online,2020-02-09
C00147,Customer 00147,Small Business,LOC01,Online,2022-04-23
C00148,Customer 00148,Consumer,LOC06,Online,2022-07-02
C00149,Customer 00149,Consumer,LOC04,Marketplace,2024-05-25
C00150,Customer 00150,Consumer,LOC03,Online,2021-07-13
C00151,Customer 00151,Consumer,LOC03,Online,2021-02-17
C00152,Customer 00152,Consumer,LOC04,Online,2021-09-26
C00153,Customer 00153,Consumer,LOC02,Retail Store,2020-11-02
C00154,Customer 00154,Consumer,LOC02,Online,2022-10-02
C00155,Customer 00155,Consumer,LOC03,Marketplace,2023-03-03
C00156,Customer 00156,Consumer,LOC02,Retail Store,2023-12-13
C00157,Customer 00157,Consumer,LOC05,Online,2024-10-15
C00158,Customer 00158,Small Business,LOC01,Marketplace,2020-05-12
C00159,Customer 00159,Consumer,LOC05,Online,2021-03-21
C00160,Customer 00160,Small Business,LOC03,Online,2021-06-25
C00161,Customer 00161,Consumer,LOC04,Marketplace,2021-03-25
C00162,Customer 00162,Small Business,LOC01,Retail Store,2024-01-29
C00163,Customer 00163,Small Business,LOC03,Online,2020-09-08
C00164,Customer 00164,Enterprise,LOC05,Marketplace,2020-02-23
C00165,Customer 00165,Small Business,LOC02,Online,2024-03-29
C00166,Customer 00166,Small Business,LOC01,Marketplace,2024-09-26
C00167,Customer 00167,Consumer,LOC04,Marketplace,2021-02-11
C00168,Customer 00168,Small Business,LOC01,Marketplace,2021-08-22
C00169,Customer 00169,Consumer,LOC02,Marketplace,2022-06-24
C00170,Customer 00170,Consumer,LOC03,Online,2022-08-04
C00171,Customer 00171,Consumer,LOC04,Marketplace,2024-11-18
C00172,Customer 00172,Small Business,LOC04,Marketplace,2021-12-28
C00173,Customer 00173,Consumer,LOC05,Marketplace,2020-01-22
C00174,Customer 00174,Consumer,LOC06,Online,2022-01-30
C00175,Customer 00175,Consumer,LOC01,Online,2022-09-28
C00176,Customer 00176,Consumer,LOC03,Online,2022-07-19
C00177,Customer 00177,Consumer,LOC01,Online,2022-07-11
C00178,Customer 00178,Consumer,LOC01,Online,2024-07-18
C00179,Customer 00179,Consumer,LOC02,Online,2023-12-24
C00180,Customer 00180,Consumer,LOC04,Marketplace,2021-03-29
C00181,Customer 00181,Consumer,LOC06,Online,2021-10-01
C00182,Customer 00182,Consumer,LOC05,Retail Store,2023-04-16
C00183,Customer 00183,Consumer,LOC04,Online,2022-01-08
C00184,Customer 00184,Consumer,LOC05,Marketplace,2022-02-10
C00185,Customer 00185,Consumer,LOC02,Online,2020-10-29
C00186,Customer 00186,Consumer,LOC06,Online,2021-04-02
C00187,Customer 00187,Small Business,LOC06,Marketplace,2023-08-26
C00188,Customer 00188,Small Business,LOC01,Retail Store,2024-02-26
C00189,Customer 00189,Consumer,LOC03,Online,2023-11-13
C00190,Customer 00190,Consumer,LOC05,Online,2021-07-08
C00191,Customer 00191,Consumer,LOC03,Marketplace,2020-09-02
C00192,Customer 00192,Small Business,LOC06,Marketplace,2020-10-14
C00193,Customer 00193,Consumer,LOC06,Online,2021-12-09
C00194,Customer 00194,Small Business,LOC03,Online,2022-07-20
C00195,Customer 00195,Consumer,LOC01,Online,2024-05-26
C00196,Customer 00196,Consumer,LOC03,Retail Store,2024-06-05
C00197,Customer 00197,Consumer,LOC02,Online,2020-01-05
C00198,Customer 00198,Consumer,LOC03,Online,2023-06-27
C00199,Customer 00199,Consumer,LOC04,Retail Store,2021-06-21
C00200,Customer 00200,Consumer,LOC03,Online,2020-12-22
C00201,Customer 00201,Small Business,LOC02,Online,2022-09-26
C00202,Customer 00202,Consumer,LOC02,Online,2020-03-02
C00203,Customer 00203,Consumer,LOC05,Online,2021-08-24
C00204,Customer 00204,Consumer,LOC01,Online,2022-09-21
C00205,Customer 00205,Consumer,LOC02,Online,2021-05-04
C00206,Customer 00206,Consumer,LOC06,Marketplace,2022-12-04
C00207,Customer 00207,Small Business,LOC01,Marketplace,2022-04-08
C00208,Customer 00208,Consumer,LOC03,Online,2023-12-09
C00209,Customer 00209,Enterprise,LOC02,Marketplace,2020-11-22
C00210,Customer 00210,Small Business,LOC01,Online,2020-04-12
C00211,Customer 00211,Consumer,LOC03,Retail Store,2022-08-11
C00212,Customer 00212,Small Business,LOC04,Online,2021-04-07
C00213,Customer 00213,Small Business,LOC02,Marketplace,2023-06-26
C00214,Customer 00214,Small Business,LOC01,Online,2020-06-16
C00215,Customer 00215,Consumer,LOC01,Marketplace,2022-11-01
C00216,Customer 00216,Consumer,LOC04,Online,2024-11-16
C00217,Customer 00217,Consumer,LOC06,Marketplace,2020-06-16
C00218,Customer 00218,Consumer,LOC02,Online,2021-06-27
C00219,Customer 00219,Consumer,LOC02,Retail Store,2024-02-28
C00220,Customer 00220,Consumer,LOC03,Online,2022-08-18
C00221,Customer 00221,Consumer,LOC03,Marketplace,2020-11-10
C00222,Customer 00222,Consumer,LOC02,Retail Store,2021-01-18
C00223,Customer 00223,Consumer,LOC01,Retail Store,2023-10-08
C00224,Customer 00224,Small Business,LOC04,Online,2024-03-29
C00225,Customer 00225,Small Business,LOC03,Online,2021-10-11
C00226,Customer 00226,Consumer,LOC03,Online,2022-05-02
C00227,Customer 00227,Consumer,LOC02,Online,2023-11-09
C00228,Customer 00228,Small Business,LOC06,Marketplace,2020-11-14
C00229,Customer 00229,Consumer,LOC04,Retail Store,2021-01-06
C00230,Customer 00230,Consumer,LOC03,Retail Store,2023-10-25
C00231,Customer 00231,Consumer,LOC02,Online,2020-12-01
C00232,Customer 00232,Consumer,LOC05,Marketplace,2023-10-19
C00233,Customer 00233,Consumer,LOC06,Retail Store,2022-06-13
C00234,Customer 00234,Small Business,LOC01,Retail Store,2024-11-17
C00235,Customer 00235,Consumer,LOC06,Online,2020-02-29
C00236,Customer 00236,Consumer,LOC05,Online,2024-08-29
C00237,Customer 00237,Small Business,LOC01,Retail Store,2021-02-09
C00238,Customer 00238,Small Business,LOC05,Online,2020-03-04
C00239,Customer 00239,Consumer,LOC01,Online,2023-07-27
C00240,Customer 00240,Consumer,LOC01,Retail Store,2022-08-16
C00241,Customer 00241,Consumer,LOC01,Retail Store,2024-02-16
C00242,Customer 00242,Consumer,LOC03,Retail Store,2020-07-14
C00243,Customer 00243,Consumer,LOC04,Marketplace,2020-05-25
C00244,Customer 00244,Small Business,LOC03,Online,2022-10-18
C00245,Customer 00245,Consumer,LOC01,Online,2024-05-06
C00246,Customer 00246,Consumer,LOC02,Online,2021-12-31
C00247,Customer 00247,Consumer,LOC06,Marketplace,2023-12-06
C00248,Customer 00248,Consumer,LOC06,Online,2024-06-19
C00249,Customer 00249,Small Business,LOC05,Marketplace,2024-04-14
C00250,Customer 00250,Small Business,LOC01,Online,2022-07-04
C00251,Customer 00251,Consumer,LOC05,Marketplace,2023-06-11
C00252,Customer 00252,Consumer,LOC05,Online,2022-08-04
C00253,Customer 00253,Enterprise,LOC04,Online,2023-04-28
C00254,Customer 00254,Consumer,LOC01,Online,2022-10-17
C00255,Customer 00255,Enterprise,LOC06,Online,2022-08-03
C00256,Customer 00256,Consumer,LOC03,Retail Store,2022-02-25
C00257,Customer 00257,Small Business,LOC01,Online,2023-03-21
C00258,Customer 00258,Consumer,LOC02,Online,2023-09-13
C00259,Customer 00259,Consumer,LOC03,Marketplace,2024-07-12
C00260,Customer 00260,Consumer,LOC01,Marketplace,2023-01-08
C00261,Customer 00261,Consumer,LOC02,Online,2020-06-29
C00262,Customer 00262,Consumer,LOC03,Online,2022-11-23
C00263,Customer 00263,Consumer,LOC06,Online,2021-07-22
C00264,Customer 00264,Small Business,LOC01,Marketplace,2020-02-18
C00265,Customer 00265,Consumer,LOC04,Online,2020-05-10
C00266,Customer 00266,Consumer,LOC06,Online,2022-11-30
C00267,Customer 00267,Consumer,LOC05,Online,2024-08-27
C00268,Customer 00268,Consumer,LOC06,Marketplace,2022-06-29
C00269,Customer 00269,Small Business,LOC02,Online,2022-03-12
C00270,Customer 00270,Small Business,LOC05,Retail Store,2020-06-08
C00271,Customer 00271,Consumer,LOC06,Online,2023-04-30
C00272,Customer 00272,Enterprise,LOC02,Marketplace,2020-04-09
C00273,Customer 00273,Small Business,LOC03,Online,2024-02-23
C00274,Customer 00274,Consumer,LOC04,Online,2024-01-09
C00275,Customer 00275,Small Business,LOC03,Online,2024-11-18
C00276,Customer 00276,Consumer,LOC02,Retail Store,2021-05-26
C00277,Customer 00277,Enterprise,LOC06,Retail Store,2020-10-18
C00278,Customer 00278,Consumer,LOC06,Online,2021-06-23
C00279,Customer 00279,Consumer,LOC03,Online,2023-12-10
C00280,Customer 00280,Consumer,LOC05,Retail Store,2021-01-28
C00281,Customer 00281,Small Business,LOC03,Online,2024-05-16
C00282,Customer 00282,Consumer,LOC05,Online,2020-10-04
C00283,Customer 00283,Consumer,LOC04,Online,2020-03-28
C00284,Customer 00284,Consumer,LOC03,Marketplace,2021-01-29
C00285,Customer 00285,Small Business,LOC01,Marketplace,2023-09-19
C00286,Customer 00286,Consumer,LOC04,Marketplace,2022-12-20
C00287,Customer 00287,Small Business,LOC02,Retail Store,2021-09-30
C00288,Customer 00288,Consumer,LOC02,Online,2023-03-26
C00289,Customer 00289,Consumer,LOC02,Online,2023-03-13
C00290,Customer 00290,Consumer,LOC06,Online,2022-09-25
C00291,Customer 00291,Consumer,LOC01,Online,2022-07-14
C00292,Customer 00292,Consumer,LOC05,Online,2020-07-01
C00293,Customer 00293,Small Business,LOC06,Online,2021-04-12
C00294,Customer 00294,Consumer,LOC01,Online,2022-08-07
C00295,Customer 00295,Small Business,LOC04,Marketplace,2020-08-31
C00296,Customer 00296,Consumer,LOC04,Online,2022-05-06
C00297,Customer 00297,Small Business,LOC03,Online,2020-07-29
C00298,Customer 00298,Small Business,LOC05,Marketplace,2023-11-18
C00299,Customer 00299,Small Business,LOC03,Marketplace,2020-07-04
C00300,Customer 00300,Consumer,LOC03,Marketplace,2020-06-15
C00301,Customer 00301,Small Business,LOC03,Retail Store,2023-02-22
C00302,Customer 00302,Consumer,LOC05,Marketplace,2021-01-31
C00303,Customer 00303,Consumer,LOC04,Online,2021-09-24
C00304,Customer 00304,Consumer,LOC03,Online,2021-07-19
C00305,Customer 00305,Consumer,LOC06,Marketplace,2021-01-24
C00306,Customer 00306,Consumer,LOC05,Online,2023-10-03
C00307,Customer 00307,Consumer,LOC06,Online,2023-05-30
C00308,Customer 00308,Small Business,LOC05,Online,2021-03-05
C00309,Customer 00309,Consumer,LOC03,Online,2023-05-21
C00310,Customer 00310,Consumer,LOC05,Online,2023-07-08
C00311,Customer 00311,Consumer,LOC02,Online,2022-08-28
C00312,Customer 00312,Consumer,LOC02,Retail Store,2022-11-07
C00313,Customer 00313,Consumer,LOC03,Retail Store,2024-08-09
C00314,Customer 00314,Enterprise,LOC06,Online,2022-03-27
C00315,Customer 00315,Consumer,LOC04,Retail Store,2021-11-24
C00316,Customer 00316,Consumer,LOC03,Online,2022-08-28
C00317,Customer 00317,Consumer,LOC03,Retail Store,2024-02-13
C00318,Customer 00318,Consumer,LOC02,Retail Store,2023-07-01
C00319,Customer 00319,Small Business,LOC04,Online,2020-05-15
C00320,Customer 00320,Consumer,LOC03,Marketplace,2022-04-06
C00321,Customer 00321,Consumer,LOC04,Retail Store,2023-08-24
C00322,Customer 00322,Consumer,LOC03,Retail Store,2021-02-07
C00323,Customer 00323,Consumer,LOC02,Retail Store,2024-11-14
C00324,Customer 00324,Enterprise,LOC06,Marketplace,2023-12-25
C00325,Customer 00325,Consumer,LOC03,Online,2024-03-03
C00326,Customer 00326,Small Business,LOC01,Retail Store,2020-05-27
C00327,Customer 00327,Consumer,LOC03,Marketplace,2022-11-09
C00328,Customer 00328,Consumer,LOC04,Marketplace,2022-08-08
C00329,Customer 00329,Consumer,LOC01,Online,2023-02-02
C00330,Customer 00330,Small Business,LOC02,Marketplace,2024-03-10
C00331,Customer 00331,Consumer,LOC01,Online,2021-09-27
C00332,Customer 00332,Consumer,LOC04,Marketplace,2022-08-19
C00333,Customer 00333,Consumer,LOC05,Online,2023-05-08
C00334,Customer 00334,Consumer,LOC06,Marketplace,2023-09-17
C00335,Customer 00335,Small Business,LOC03,Retail Store,2023-10-18
C00336,Customer 00336,Consumer,LOC06,Online,2021-08-29
C00337,Customer 00337,Consumer,LOC02,Online,2024-12-01
C00338,Customer 00338,Consumer,LOC05,Online,2020-01-18
C00339,Customer 00339,Consumer,LOC04,Retail Store,2022-06-05
C00340,Customer 00340,Consumer,LOC05,Marketplace,2022-12-31
C00341,Customer 00341,Consumer,LOC05,Online,2020-04-20
C00342,Customer 00342,Consumer,LOC04,Online,2022-03-23
C00343,Customer 00343,Consumer,LOC02,Online,2022-12-08
C00344,Customer 00344,Consumer,LOC04,Online,2022-12-29
C00345,Customer 00345,Consumer,LOC05,Retail Store,2020-08-02
C00346,Customer 00346,Consumer,LOC06,Marketplace,2021-05-14
C00347,Customer 00347,Consumer,LOC06,Online,2021-03-16
C00348,Customer 00348,Consumer,LOC02,Retail Store,2023-02-25
C00349,Customer 00349,Consumer,LOC04,Online,2021-08-14
C00350,Customer 00350,Consumer,LOC01,Retail Store,2022-10-25
C00351,Customer 00351,Consumer,LOC05,Online,2023-08-08
C00352,Customer 00352,Consumer,LOC06,Marketplace,2023-12-06
C00353,Customer 00353,Consumer,LOC01,Retail Store,2020-11-26
C00354,Customer 00354,Consumer,LOC04,Online,2024-06-14
C00355,Customer 00355,Consumer,LOC06,Marketplace,2020-10-25
C00356,Customer 00356,Consumer,LOC06,Retail Store,2020-02-09
C00357,Customer 00357,Consumer,LOC03,Online,2020-03-21
C00358,Customer 00358,Consumer,LOC01,Online,2020-12-27
C00359,Customer 00359,Consumer,LOC06,Marketplace,2024-04-20
C00360,Customer 00360,Consumer,LOC06,Online,2021-01-09
C00361,Customer 00361,Consumer,LOC04,Online,2023-06-02
C00362,Customer 00362,Small Business,LOC06,Online,2022-01-23
C00363,Customer 00363,Consumer,LOC01,Marketplace,2020-03-12
C00364,Customer 00364,Consumer,LOC04,Online,2022-03-10
C00365,Customer 00365,Consumer,LOC01,Online,2020-02-20
C00366,Customer 00366,Consumer,LOC06,Retail Store,2022-05-07
C00367,Customer 00367,Consumer,LOC05,Online,2022-10-02
C00368,Customer 00368,Consumer,LOC06,Retail Store,2022-07-27
C00369,Customer 00369,Small Business,LOC04,Online,2021-05-23
C00370,Customer 00370,Small Business,LOC01,Retail Store,2023-10-11
C00371,Customer 00371,Consumer,LOC01,Marketplace,2022-12-10
C00372,Customer 00372,Consumer,LOC03,Online,2021-04-03
C00373,Customer 00373,Small Business,LOC05,Retail Store,2022-02-21
C00374,Customer 00374,Consumer,LOC01,Online,2020-07-14
C00375,Customer 00375,Small Business,LOC06,Online,2024-07-19
C00376,Customer 00376,Consumer,LOC02,Online,2023-09-17
C00377,Customer 00377,Consumer,LOC03,Marketplace,2021-06-02
C00378,Customer 00378,Consumer,LOC02,Online,2023-04-29
C00379,Customer 00379,Small Business,LOC03,Online,2023-05-07
C00380,Customer 00380,Consumer,LOC03,Online,2023-01-02
C00381,Customer 00381,Consumer,LOC01,Online,2020-04-07
C00382,Customer 00382,Consumer,LOC04,Online,2024-04-30
C00383,Customer 00383,Consumer,LOC05,Online,2024-09-16
C00384,Customer 00384,Consumer,LOC06,Online,2024-10-19
C00385,Customer 00385,Consumer,LOC02,Online,2024-10-31
C00386,Customer 00386,Consumer,LOC06,Marketplace,2024-07-29
C00387,Customer 00387,Small Business,LOC06,Online,2023-08-23
C00388,Customer 00388,Small Business,LOC06,Marketplace,2020-04-12
C00389,Customer 00389,Consumer,LOC03,Online,2022-04-17
C00390,Customer 00390,Consumer,LOC06,Online,2021-03-17
C00391,Customer 00391,Consumer,LOC04,Online,2021-01-30
C00392,Customer 00392,Consumer,LOC01,Online,2024-02-04
C00393,Customer 00393,Consumer,LOC02,Online,2024-01-02
C00394,Customer 00394,Enterprise,LOC05,Retail Store,2022-07-28
C00395,Customer 00395,Enterprise,LOC01,Online,2023-08-18
C00396,Customer 00396,Small Business,LOC03,Online,2020-08-20
C00397,Customer 00397,Consumer,LOC05,Marketplace,2021-02-03
C00398,Customer 00398,Consumer,LOC01,Online,2024-03-28
C00399,Customer 00399,Consumer,LOC03,Online,2022-03-23
C00400,Customer 00400,Consumer,LOC02,Online,2022-09-10
C00401,Customer 00401,Consumer,LOC04,Online,2022-04-13
C00402,Customer 00402,Consumer,LOC02,Online,2020-12-29
C00403,Customer 00403,Consumer,LOC06,Marketplace,2024-01-27
C00404,Customer 00404,Consumer,LOC01,Retail Store,2023-09-26
C00405,Customer 00405,Consumer,LOC06,Online,2023-05-15
C00406,Customer 00406,Consumer,LOC05,Marketplace,2021-09-27
C00407,Customer 00407,Small Business,LOC06,Marketplace,2023-03-03
C00408,Customer 00408,Enterprise,LOC06,Online,2024-09-11
C00409,Customer 00409,Consumer,LOC02,Marketplace,2023-03-15
C00410,Customer 00410,Small Business,LOC06,Marketplace,2022-06-08
C00411,Customer 00411,Enterprise,LOC04,Retail Store,2021-05-01
C00412,Customer 00412,Consumer,LOC06,Retail Store,2022-07-30
C00413,Customer 00413,Consumer,LOC06,Online,2021-10-31
C00414,Customer 00414,Consumer,LOC04,Online,2023-01-05
C00415,Customer 00415,Consumer,LOC03,Online,2020-03-23
C00416,Customer 00416,Small Business,LOC01,Online,2020-12-08
C00417,Customer 00417,Consumer,LOC01,Online,2023-11-17
C00418,Customer 00418,Consumer,LOC03,Retail Store,2021-11-16
C00419,Customer 00419,Consumer,LOC05,Online,2022-02-18
C00420,Customer 00420,Consumer,LOC04,Online,2022-09-06
C00421,Customer 00421,Small Business,LOC03,Retail Store,2022-02-27
C00422,Customer 00422,Consumer,LOC02,Online,2023-09-27
C00423,Customer 00423,Consumer,LOC04,Online,2021-03-17
C00424,Customer 00424,Consumer,LOC04,Retail Store,2023-09-27
C00425,Customer 00425,Consumer,LOC06,Online,2021-01-11
C00426,Customer 00426,Consumer,LOC05,Online,2021-10-29
C00427,Customer 00427,Consumer,LOC04,Online,2022-11-24
C00428,Customer 00428,Consumer,LOC06,Retail Store,2024-05-13
C00429,Customer 00429,Consumer,LOC03,Online,2021-02-22
C00430,Customer 00430,Small Business,LOC06,Online,2022-11-23
C00431,Customer 00431,Consumer,LOC03,Online,2020-04-25
C00432,Customer 00432,Consumer,LOC01,Online,2020-05-15
C00433,Customer 00433,Consumer,LOC03,Retail Store,2023-10-13
C00434,Customer 00434,Small Business,LOC01,Online,2023-07-18
C00435,Customer 00435,Consumer,LOC01,Retail Store,2021-11-08
C00436,Customer 00436,Consumer,LOC06,Online,2023-01-26
C00437,Customer 00437,Consumer,LOC05,Online,2021-11-15
C00438,Customer 00438,Consumer,LOC02,Retail Store,2021-05-14
C00439,Customer 00439,Small Business,LOC06,Online,2022-02-15
C00440,Customer 00440,Consumer,LOC01,Online,2021-07-15
C00441,Customer 00441,Small Business,LOC02,Retail Store,2024-01-07
C00442,Customer 00442,Small Business,LOC05,Online,2022-01-11
C00443,Customer 00443,Consumer,LOC02,Online,2021-07-31
C00444,Customer 00444,Small Business,LOC05,Retail Store,2022-08-23
C00445,Customer 00445,Consumer,LOC06,Online,2023-09-26
C00446,Customer 00446,Small Business,LOC01,Online,2021-05-07
C00447,Customer 00447,Consumer,LOC01,Online,2024-08-18
C00448,Customer 00448,Consumer,LOC06,Online,2022-04-14
C00449,Customer 00449,Consumer,LOC04,Online,2023-04-04
C00450,Customer 00450,Consumer,LOC04,Marketplace,2024-09-19
C00451,Customer 00451,Consumer,LOC03,Online,2022-02-16
C00452,Customer 00452,Small Business,LOC03,Marketplace,2020-12-25
C00453,Customer 00453,Consumer,LOC05,Online,2023-09-08
C00454,Customer 00454,Consumer,LOC04,Online,2020-01-12
C00455,Customer 00455,Consumer,LOC01,Online,2022-04-04
C00456,Customer 00456,Consumer,LOC04,Marketplace,2024-10-29
C00457,Customer 00457,Consumer,LOC05,Online,2022-01-15
C00458,Customer 00458,Small Business,LOC01,Online,2023-05-16
C00459,Customer 00459,Consumer,LOC03,Retail Store,2022-08-03
C00460,Customer 00460,Consumer,LOC05,Marketplace,2021-01-21
C00461,Customer 00461,Consumer,LOC04,Online,2021-07-25
C00462,Customer 00462,Consumer,LOC01,Retail Store,2022-07-31
C00463,Customer 00463,Consumer,LOC01,Online,2020-07-06
C00464,Customer 00464,Consumer,LOC04,Online,2022-01-16
C00465,Customer 00465,Consumer,LOC03,Online,2022-01-16
C00466,Customer 00466,Enterprise,LOC06,Online,2024-02-11
C00467,Customer 00467,Consumer,LOC04,Online,2020-08-10
C00468,Customer 00468,Consumer,LOC06,Marketplace,2024-02-25
C00469,Customer 00469,Small Business,LOC02,Online,2022-01-08
C00470,Customer 00470,Small Business,LOC03,Retail Store,2023-03-18
C00471,Customer 00471,Consumer,LOC01,Retail Store,2022-09-29
C00472,Customer 00472,Enterprise,LOC04,Marketplace,2021-06-23
C00473,Customer 00473,Small Business,LOC02,Marketplace,2024-08-02
C00474,Customer 00474,Small Business,LOC03,Marketplace,2021-02-08
C00475,Customer 00475,Consumer,LOC03,Retail Store,2020-03-06
C00476,Customer 00476,Consumer,LOC02,Online,2023-09-12
C00477,Customer 00477,Consumer,LOC01,Online,2023-01-23
C00478,Customer 00478,Consumer,LOC04,Online,2024-05-21
C00479,Customer 00479,Consumer,LOC06,Online,2022-04-03
C00480,Customer 00480,Enterprise,LOC02,Online,2020-01-31
C00481,Customer 00481,Enterprise,LOC03,Marketplace,2020-02-06
C00482,Customer 00482,Consumer,LOC02,Online,2022-02-18
C00483,Customer 00483,Consumer,LOC05,Retail Store,2021-03-25
C00484,Customer 00484,Consumer,LOC03,Online,2024-07-17
C00485,Customer 00485,Consumer,LOC06,Online,2020-08-01
C00486,Customer 00486,Consumer,LOC02,Online,2024-05-04
C00487,Customer 00487,Consumer,LOC01,Online,2021-01-25
C00488,Customer 00488,Small Business,LOC04,Online,2020-08-02
C00489,Customer 00489,Consumer,LOC04,Online,2021-05-09
C00490,Customer 00490,Enterprise,LOC06,Online,2020-09-16
C00491,Customer 00491,Consumer,LOC06,Online,2021-12-23
C00492,Customer 00492,Enterprise,LOC06,Online,2021-08-17
C00493,Customer 00493,Consumer,LOC04,Online,2022-08-10
C00494,Customer 00494,Small Business,LOC03,Online,2022-08-24
C00495,Customer 00495,Consumer,LOC03,Online,2020-01-02
C00496,Customer 00496,Consumer,LOC01,Online,2020-08-12
C00497,Customer 00497,Small Business,LOC03,Online,2020-10-18
C00498,Customer 00498,Small Business,LOC03,Online,2020-12-16
C00499,Customer 00499,Small Business,LOC01,Marketplace,2020-06-17
C00500,Customer 00500,Consumer,LOC02,Retail Store,2021-07-20
C00501,Customer 00501,Consumer,LOC04,Retail Store,2022-09-16
C00502,Customer 00502,Consumer,LOC03,Online,2021-07-10
C00503,Customer 00503,Consumer,LOC06,Online,2021-08-15
C00504,Customer 00504,Consumer,LOC03,Online,2022-04-25
C00505,Customer 00505,Consumer,LOC06,Marketplace,2022-09-14
C00506,Customer 00506,Small Business,LOC04,Marketplace,2021-08-18
C00507,Customer 00507,Small Business,LOC01,Retail Store,2021-02-03
C00508,Customer 00508,Consumer,LOC02,Retail Store,2022-01-06
C00509,Customer 00509,Small Business,LOC05,Online,2020-02-13
C00510,Customer 00510,Consumer,LOC04,Marketplace,2022-06-05
C00511,Customer 00511,Consumer,LOC02,Retail Store,2024-08-21
C00512,Customer 00512,Consumer,LOC04,Online,2021-12-17
C00513,Customer 00513,Small Business,LOC06,Retail Store,2020-07-13
C00514,Customer 00514,Consumer,LOC03,Online,2023-06-26
C00515,Customer 00515,Consumer,LOC01,Retail Store,2020-08-16
C00516,Customer 00516,Consumer,LOC02,Marketplace,2020-12-14
C00517,Customer 00517,Consumer,LOC06,Online,2020-09-20
C00518,Customer 00518,Consumer,LOC05,Marketplace,2024-05-09
C00519,Customer 00519,Small Business,LOC06,Online,2024-11-01
C00520,Customer 00520,Consumer,LOC06,Marketplace,2022-10-22
C00521,Customer 00521,Consumer,LOC01,Marketplace,2023-01-16
C00522,Customer 00522,Small Business,LOC02,Marketplace,2023-03-07
C00523,Customer 00523,Consumer,LOC01,Retail Store,2023-01-03
C00524,Customer 00524,Small Business,LOC01,Online,2022-09-06
C00525,Customer 00525,Consumer,LOC06,Online,2024-11-11
C00526,Customer 00526,Consumer,LOC06,Online,2023-08-12
C00527,Customer 00527,Consumer,LOC01,Online,2020-06-08
C00528,Customer 00528,Consumer,LOC05,Online,2021-12-06
C00529,Customer 00529,Small Business,LOC04,Online,2024-10-20
C00530,Customer 00530,Consumer,LOC01,Online,2021-12-27
C00531,Customer 00531,Consumer,LOC06,Online,2021-01-02
C00532,Customer 00532,Consumer,LOC06,Retail Store,2024-04-12
C00533,Customer 00533,Consumer,LOC04,Online,2023-01-26
C00534,Customer 00534,Small Business,LOC05,Retail Store,2022-10-09
C00535,Customer 00535,Enterprise,LOC03,Online,2022-01-26
C00536,Customer 00536,Consumer,LOC05,Online,2020-08-11
C00537,Customer 00537,Consumer,LOC03,Online,2021-11-22
C00538,Customer 00538,Consumer,LOC06,Online,2022-02-26
C00539,Customer 00539,Consumer,LOC01,Online,2024-08-03
C00540,Customer 00540,Enterprise,LOC02,Online,2021-07-07
C00541,Customer 00541,Consumer,LOC06,Online,2020-09-25
C00542,Customer 00542,Consumer,LOC02,Online,2022-02-08
C00543,Customer 00543,Consumer,LOC02,Marketplace,2024-11-29
C00544,Customer 00544,Small Business,LOC05,Online,2022-05-17
C00545,Customer 00545,Consumer,LOC02,Retail Store,2021-11-13
C00546,Customer 00546,Consumer,LOC04,Online,2023-04-15
C00547,Customer 00547,Consumer,LOC02,Retail Store,2023-03-13
C00548,Customer 00548,Consumer,LOC02,Marketplace,2021-06-22
C00549,Customer 00549,Consumer,LOC06,Retail Store,2024-10-08
C00550,Customer 00550,Consumer,LOC02,Retail Store,2022-12-03
C00551,Customer 00551,Consumer,LOC01,Online,2020-04-13
C00552,Customer 00552,Consumer,LOC05,Online,2022-01-03
C00553,Customer 00553,Consumer,LOC06,Online,2024-07-19
C00554,Customer 00554,Consumer,LOC01,Retail Store,2021-12-09
C00555,Customer 00555,Enterprise,LOC05,Marketplace,2022-10-19
C00556,Customer 00556,Small Business,LOC04,Online,2023-01-07
C00557,Customer 00557,Consumer,LOC05,Retail Store,2023-06-21
C00558,Customer 00558,Consumer,LOC01,Online,2024-04-19
C00559,Customer 00559,Small Business,LOC06,Marketplace,2020-09-25
C00560,Customer 00560,Consumer,LOC04,Marketplace,2022-07-19
C00561,Customer 00561,Consumer,LOC06,Online,2022-08-18
C00562,Customer 00562,Small Business,LOC03,Marketplace,2020-10-01
C00563,Customer 00563,Consumer,LOC06,Retail Store,2023-04-27
C00564,Customer 00564,Consumer,LOC04,Online,2020-07-31
C00565,Customer 00565,Consumer,LOC01,Online,2022-04-01
C00566,Customer 00566,Consumer,LOC06,Online,2021-08-17
C00567,Customer 00567,Consumer,LOC05,Marketplace,2020-10-05
C00568,Customer 00568,Consumer,LOC02,Online,2024-01-20
C00569,Customer 00569,Consumer,LOC04,Retail Store,2021-03-15
C00570,Customer 00570,Consumer,LOC03,Retail Store,2021-04-04
C00571,Customer 00571,Small Business,LOC04,Online,2024-03-17
C00572,Customer 00572,Consumer,LOC06,Online,2024-04-28
C00573,Customer 00573,Consumer,LOC06,Marketplace,2020-03-03
C00574,Customer 00574,Small Business,LOC02,Marketplace,2021-05-15
C00575,Customer 00575,Small Business,LOC06,Online,2023-06-29
C00576,Customer 00576,Consumer,LOC03,Online,2023-11-01
C00577,Customer 00577,Consumer,LOC05,Online,2024-12-03
C00578,Customer 00578,Enterprise,LOC05,Retail Store,2022-09-25
C00579,Customer 00579,Consumer,LOC03,Online,2020-01-14
C00580,Customer 00580,Small Business,LOC03,Retail Store,2024-04-21
C00581,Customer 00581,Small Business,LOC03,Online,2020-10-16
C00582,Customer 00582,Small Business,LOC06,Retail Store,2020-08-05
C00583,Customer 00583,Consumer,LOC03,Online,2023-04-28
C00584,Customer 00584,Consumer,LOC02,Online,2022-12-22
C00585,Customer 00585,Consumer,LOC03,Retail Store,2020-04-17
C00586,Customer 00586,Consumer,LOC02,Retail Store,2020-10-31
C00587,Customer 00587,Enterprise,LOC03,Online,2022-11-27
C00588,Customer 00588,Consumer,LOC01,Online,2021-04-04
C00589,Customer 00589,Consumer,LOC01,Online,2023-05-16
C00590,Customer 00590,Consumer,LOC05,Online,2022-01-11
C00591,Customer 00591,Enterprise,LOC01,Online,2022-11-24
C00592,Customer 00592,Consumer,LOC04,Retail Store,2022-05-04
C00593,Customer 00593,Consumer,LOC05,Online,2021-10-19
C00594,Customer 00594,Consumer,LOC05,Marketplace,2021-09-08
C00595,Customer 00595,Consumer,LOC03,Online,2023-06-09
C00596,Customer 00596,Consumer,LOC02,Online,2022-07-14
C00597,Customer 00597,Consumer,LOC06,Marketplace,2022-12-05
C00598,Customer 00598,Consumer,LOC06,Online,2022-11-05
C00599,Customer 00599,Consumer,LOC04,Marketplace,2021-01-08
C00600,Customer 00600,Consumer,LOC01,Online,2024-07-01
C00601,Customer 00601,Consumer,LOC01,Retail Store,2022-10-10
C00602,Customer 00602,Consumer,LOC02,Marketplace,2023-07-16
C00603,Customer 00603,Consumer,LOC01,Retail Store,2024-05-06
C00604,Customer 00604,Consumer,LOC06,Online,2024-07-22
C00605,Customer 00605,Consumer,LOC02,Online,2023-04-15
C00606,Customer 00606,Consumer,LOC02,Online,2023-11-17
C00607,Customer 00607,Consumer,LOC06,Online,2022-04-29
C00608,Customer 00608,Consumer,LOC05,Online,2023-08-21
C00609,Customer 00609,Consumer,LOC02,Online,2021-08-01
C00610,Customer 00610,Small Business,LOC03,Online,2023-07-05
C00611,Customer 00611,Consumer,LOC04,Online,2020-06-03
C00612,Customer 00612,Consumer,LOC04,Online,2024-07-03
C00613,Customer 00613,Consumer,LOC06,Online,2021-03-16
C00614,Customer 00614,Consumer,LOC06,Online,2023-03-27
C00615,Customer 00615,Consumer,LOC06,Marketplace,2020-01-21
C00616,Customer 00616,Small Business,LOC01,Online,2020-10-07
C00617,Customer 00617,Small Business,LOC02,Online,2024-11-10
C00618,Customer 00618,Consumer,LOC04,Online,2024-02-09
C00619,Customer 00619,Consumer,LOC01,Marketplace,2021-02-04
C00620,Customer 00620,Consumer,LOC03,Online,2020-08-23
C00621,Customer 00621,Consumer,LOC01,Marketplace,2024-01-06
C00622,Customer 00622,Consumer,LOC06,Retail Store,2024-11-17
C00623,Customer 00623,Consumer,LOC01,Online,2020-10-30
C00624,Customer 00624,Consumer,LOC01,Retail Store,2023-04-10
C00625,Customer 00625,Small Business,LOC02,Marketplace,2021-05-25
C00626,Customer 00626,Consumer,LOC01,Online,2023-09-01
C00627,Customer 00627,Consumer,LOC04,Online,2022-01-22
C00628,Customer 00628,Consumer,LOC03,Marketplace,2020-08-13
C00629,Customer 00629,Consumer,LOC06,Retail Store,2021-08-06
C00630,Customer 00630,Consumer,LOC02,Online,2022-08-27
C00631,Customer 00631,Consumer,LOC04,Online,2023-12-08
C00632,Customer 00632,Small Business,LOC04,Marketplace,2020-02-07
C00633,Customer 00633,Consumer,LOC04,Online,2024-09-19
C00634,Customer 00634,Consumer,LOC05,Marketplace,2023-03-15
C00635,Customer 00635,Consumer,LOC02,Online,2024-04-24
C00636,Customer 00636,Consumer,LOC04,Marketplace,2024-08-01
C00637,Customer 00637,Consumer,LOC05,Retail Store,2020-10-03
C00638,Customer 00638,Consumer,LOC06,Marketplace,2020-06-17
C00639,Customer 00639,Consumer,LOC04,Marketplace,2023-10-30
C00640,Customer 00640,Consumer,LOC04,Marketplace,2020-12-04
C00641,Customer 00641,Small Business,LOC06,Retail Store,2020-09-23
C00642,Customer 00642,Consumer,LOC04,Retail Store,2022-04-23
C00643,Customer 00643,Small Business,LOC06,Online,2024-07-02
C00644,Customer 00644,Consumer,LOC01,Marketplace,2023-12-03
C00645,Customer 00645,Consumer,LOC03,Online,2022-07-21
C00646,Customer 00646,Small Business,LOC01,Retail Store,2020-12-19
C00647,Customer 00647,Small Business,LOC01,Marketplace,2021-08-28
C00648,Customer 00648,Consumer,LOC03,Online,2023-05-24
C00649,Customer 00649,Small Business,LOC02,Online,2020-10-09
C00650,Customer 00650,Consumer,LOC03,Online,2022-08-01
C00651,Customer 00651,Consumer,LOC03,Marketplace,2020-01-22
C00652,Customer 00652,Enterprise,LOC04,Online,2021-08-08
C00653,Customer 00653,Consumer,LOC06,Online,2021-03-22
C00654,Customer 00654,Small Business,LOC06,Retail Store,2023-05-10
C00655,Customer 00655,Consumer,LOC03,Marketplace,2024-07-03
C00656,Customer 00656,Small Business,LOC02,Online,2020-09-20
C00657,Customer 00657,Consumer,LOC05,Online,2023-12-06
C00658,Customer 00658,Consumer,LOC01,Retail Store,2023-03-26
C00659,Customer 00659,Consumer,LOC04,Marketplace,2024-10-11
C00660,Customer 00660,Consumer,LOC03,Marketplace,2024-06-28
C00661,Customer 00661,Consumer,LOC02,Online,2020-06-30
C00662,Customer 00662,Consumer,LOC04,Online,2023-08-30
C00663,Customer 00663,Consumer,LOC02,Online,2022-12-01
C00664,Customer 00664,Consumer,LOC02,Marketplace,2020-07-22
C00665,Customer 00665,Consumer,LOC04,Online,2021-04-07
C00666,Customer 00666,Consumer,LOC02,Online,2024-07-26
C00667,Customer 00667,Consumer,LOC05,Marketplace,2022-09-04
C00668,Customer 00668,Consumer,LOC01,Retail Store,2021-09-01
C00669,Customer 00669,Consumer,LOC03,Marketplace,2021-07-30
C00670,Customer 00670,Small Business,LOC05,Online,2024-02-17
C00671,Customer 00671,Consumer,LOC02,Online,2021-05-25
C00672,Customer 00672,Consumer,LOC05,Online,2020-10-13
C00673,Customer 00673,Consumer,LOC05,Online,2022-10-29
C00674,Customer 00674,Consumer,LOC06,Online,2024-11-21
C00675,Customer 00675,Consumer,LOC02,Online,2020-11-25
C00676,Customer 00676,Consumer,LOC05,Marketplace,2021-04-04
C00677,Customer 00677,Enterprise,LOC06,Retail Store,2022-04-24
C00678,Customer 00678,Consumer,LOC05,Retail Store,2020-12-25
C00679,Customer 00679,Consumer,LOC02,Online,2023-03-17
C00680,Customer 00680,Enterprise,LOC05,Online,2021-04-01
C00681,Customer 00681,Consumer,LOC01,Online,2020-08-18
C00682,Customer 00682,Consumer,LOC04,Online,2021-04-15
C00683,Customer 00683,Small Business,LOC03,Online,2024-08-02
C00684,Customer 00684,Small Business,LOC04,Online,2024-08-09
C00685,Customer 00685,Consumer,LOC04,Marketplace,2022-06-29
C00686,Customer 00686,Consumer,LOC01,Online,2021-12-21
C00687,Customer 00687,Consumer,LOC04,Retail Store,2024-01-15
C00688,Customer 00688,Consumer,LOC06,Online,2020-12-15
C00689,Customer 00689,Consumer,LOC03,Online,2023-03-23
C00690,Customer 00690,Consumer,LOC02,Online,2023-05-09
C00691,Customer 00691,Consumer,LOC06,Online,2023-07-02
C00692,Customer 00692,Small Business,LOC01,Online,2021-01-27
C00693,Customer 00693,Consumer,LOC03,Retail Store,2023-07-13
C00694,Customer 00694,Consumer,LOC04,Online,2023-01-06
C00695,Customer 00695,Consumer,LOC03,Online,2024-04-24
C00696,Customer 00696,Small Business,LOC06,Marketplace,2020-11-09
C00697,Customer 00697,Consumer,LOC03,Online,2023-01-09
C00698,Customer 00698,Consumer,LOC06,Marketplace,2024-02-02
C00699,Customer 00699,Consumer,LOC01,Online,2021-05-15
C00700,Customer 00700,Consumer,LOC05,Retail Store,2023-08-31
C00701,Customer 00701,Consumer,LOC04,Online,2020-06-28
C00702,Customer 00702,Consumer,LOC02,Online,2023-07-16
C00703,Customer 00703,Consumer,LOC02,Marketplace,2022-12-27
C00704,Customer 00704,Small Business,LOC05,Retail Store,2020-12-12
C00705,Customer 00705,Enterprise,LOC04,Online,2020-04-29
C00706,Customer 00706,Consumer,LOC04,Marketplace,2023-09-03
C00707,Customer 00707,Consumer,LOC01,Online,2021-03-10
C00708,Customer 00708,Consumer,LOC04,Online,2022-06-14
C00709,Customer 00709,Small Business,LOC06,Online,2020-04-19
C00710,Customer 00710,Consumer,LOC01,Marketplace,2024-09-30
C00711,Customer 00711,Consumer,LOC03,Online,2022-09-14
C00712,Customer 00712,Consumer,LOC03,Marketplace,2024-08-03
C00713,Customer 00713,Small Business,LOC06,Online,2020-10-15
C00714,Customer 00714,Consumer,LOC02,Retail Store,2021-01-05
C00715,Customer 00715,Consumer,LOC03,Retail Store,2023-01-03
C00716,Customer 00716,Consumer,LOC05,Online,2022-12-24
C00717,Customer 00717,Enterprise,LOC01,Online,2023-11-24
C00718,Customer 00718,Consumer,LOC05,Online,2024-07-28
C00719,Customer 00719,Consumer,LOC05,Retail Store,2024-01-19
C00720,Customer 00720,Small Business,LOC05,Online,2020-09-09
C00721,Customer 00721,Small Business,LOC04,Online,2021-07-11
C00722,Customer 00722,Consumer,LOC05,Online,2024-07-02
C00723,Customer 00723,Consumer,LOC05,Marketplace,2022-09-15
C00724,Customer 00724,Consumer,LOC06,Online,2024-04-09
C00725,Customer 00725,Small Business,LOC03,Online,2022-10-10
C00726,Customer 00726,Consumer,LOC03,Retail Store,2020-03-30
C00727,Customer 00727,Consumer,LOC04,Online,2022-05-01
C00728,Customer 00728,Consumer,LOC02,Retail Store,2024-01-24
C00729,Customer 00729,Consumer,LOC06,Online,2023-03-25
C00730,Customer 00730,Small Business,LOC05,Online,2020-08-27
C00731,Customer 00731,Consumer,LOC04,Retail Store,2021-01-13
C00732,Customer 00732,Consumer,LOC02,Marketplace,2024-03-17
C00733,Customer 00733,Small Business,LOC03,Marketplace,2024-10-28
C00734,Customer 00734,Small Business,LOC03,Online,2023-09-17
C00735,Customer 00735,Small Business,LOC04,Online,2020-06-25
C00736,Customer 00736,Consumer,LOC05,Online,2023-01-19
C00737,Customer 00737,Consumer,LOC05,Online,2024-02-01
C00738,Customer 00738,Consumer,LOC06,Online,2023-02-26
C00739,Customer 00739,Consumer,LOC06,Online,2022-12-05
C00740,Customer 00740,Enterprise,LOC05,Online,2022-04-21
C00741,Customer 00741,Consumer,LOC03,Online,2021-03-16
C00742,Customer 00742,Consumer,LOC04,Online,2021-05-20
C00743,Customer 00743,Small Business,LOC03,Online,2023-09-04
C00744,Customer 00744,Consumer,LOC04,Retail Store,2020-05-05
C00745,Customer 00745,Consumer,LOC05,Marketplace,2020-06-01
C00746,Customer 00746,Consumer,LOC03,Online,2021-12-14
C00747,Customer 00747,Consumer,LOC04,Marketplace,2023-10-25
C00748,Customer 00748,Consumer,LOC01,Retail Store,2023-03-28
C00749,Customer 00749,Consumer,LOC05,Online,2022-11-27
C00750,Customer 00750,Small Business,LOC03,Online,2022-08-19
C00751,Customer 00751,Consumer,LOC03,Online,2020-07-18
C00752,Customer 00752,Consumer,LOC04,Online,2021-08-20
C00753,Customer 00753,Consumer,LOC02,Marketplace,2020-05-23
C00754,Customer 00754,Consumer,LOC04,Retail Store,2023-09-26
C00755,Customer 00755,Consumer,LOC05,Online,2023-09-13
C00756,Customer 00756,Consumer,LOC03,Marketplace,2021-04-09
C00757,Customer 00757,Consumer,LOC01,Online,2021-06-11
C00758,Customer 00758,Consumer,LOC03,Marketplace,2021-07-25
C00759,Customer 00759,Enterprise,LOC02,Marketplace,2024-05-19
C00760,Customer 00760,Consumer,LOC03,Online,2022-05-29
C00761,Customer 00761,Consumer,LOC04,Online,2023-10-03
C00762,Customer 00762,Small Business,LOC01,Marketplace,2022-03-18
C00763,Customer 00763,Small Business,LOC05,Retail Store,2023-06-10
C00764,Customer 00764,Consumer,LOC02,Online,2022-08-08
C00765,Customer 00765,Consumer,LOC06,Online,2021-05-16
C00766,Customer 00766,Consumer,LOC05,Online,2024-04-26
C00767,Customer 00767,Consumer,LOC02,Marketplace,2023-06-30
C00768,Customer 00768,Consumer,LOC04,Marketplace,2023-10-16
C00769,Customer 00769,Consumer,LOC01,Marketplace,2024-09-02
C00770,Customer 00770,Consumer,LOC01,Marketplace,2021-03-23
C00771,Customer 00771,Consumer,LOC06,Retail Store,2020-06-13
C00772,Customer 00772,Enterprise,LOC05,Retail Store,2022-11-14
C00773,Customer 00773,Consumer,LOC01,Online,2021-08-10
C00774,Customer 00774,Consumer,LOC02,Marketplace,2022-02-23
C00775,Customer 00775,Consumer,LOC02,Online,2021-02-26
C00776,Customer 00776,Consumer,LOC03,Online,2021-12-18
C00777,Customer 00777,Consumer,LOC02,Retail Store,2021-12-08
C00778,Customer 00778,Small Business,LOC02,Marketplace,2021-09-23
C00779,Customer 00779,Small Business,LOC04,Retail Store,2023-08-29
C00780,Customer 00780,Small Business,LOC02,Online,2022-12-02
C00781,Customer 00781,Enterprise,LOC06,Online,2022-05-03
C00782,Customer 00782,Enterprise,LOC05,Online,2020-07-21
C00783,Customer 00783,Enterprise,LOC05,Online,2022-10-24
C00784,Customer 00784,Consumer,LOC02,Online,2020-11-11
C00785,Customer 00785,Consumer,LOC05,Online,2021-07-19
C00786,Customer 00786,Consumer,LOC06,Online,2022-01-16
C00787,Customer 00787,Consumer,LOC02,Retail Store,2020-09-11
C00788,Customer 00788,Consumer,LOC05,Online,2021-12-02
C00789,Customer 00789,Small Business,LOC03,Online,2021-04-25
C00790,Customer 00790,Consumer,LOC05,Marketplace,2024-03-09
C00791,Customer 00791,Consumer,LOC03,Online,2024-03-27
C00792,Customer 00792,Consumer,LOC05,Retail Store,2020-01-09
C00793,Customer 00793,Consumer,LOC01,Marketplace,2022-12-20
C00794,Customer 00794,Consumer,LOC03,Online,2023-02-26
C00795,Customer 00795,Small Business,LOC02,Marketplace,2021-11-11
C00796,Customer 00796,Consumer,LOC02,Marketplace,2022-04-24
C00797,Customer 00797,Consumer,LOC02,Marketplace,2023-11-22
C00798,Customer 00798,Consumer,LOC03,Retail Store,2021-11-11
C00799,Customer 00799,Consumer,LOC01,Marketplace,2020-04-26
C00800,Customer 00800,Consumer,LOC05,Marketplace,2021-11-01
C00801,Customer 00801,Small Business,LOC04,Online,2021-04-02
C00802,Customer 00802,Small Business,LOC05,Marketplace,2021-11-19
C00803,Customer 00803,Consumer,LOC05,Retail Store,2021-02-18
C00804,Customer 00804,Small Business,LOC01,Marketplace,2020-09-26
C00805,Customer 00805,Consumer,LOC01,Marketplace,2024-11-08
C00806,Customer 00806,Small Business,LOC03,Online,2020-08-19
C00807,Customer 00807,Consumer,LOC03,Marketplace,2023-06-24
C00808,Customer 00808,Consumer,LOC02,Retail Store,2023-07-15
C00809,Customer 00809,Small Business,LOC05,Online,2023-01-17
C00810,Customer 00810,Consumer,LOC04,Online,2024-06-28
C00811,Customer 00811,Consumer,LOC05,Online,2020-01-09
C00812,Customer 00812,Consumer,LOC01,Online,2021-06-26
C00813,Customer 00813,Consumer,LOC05,Marketplace,2020-11-27
C00814,Customer 00814,Consumer,LOC02,Online,2022-11-04
C00815,Customer 00815,Small Business,LOC03,Online,2023-02-17
C00816,Customer 00816,Small Business,LOC03,Marketplace,2024-06-04
C00817,Customer 00817,Consumer,LOC05,Marketplace,2021-11-14
C00818,Customer 00818,Consumer,LOC02,Marketplace,2021-02-28
C00819,Customer 00819,Consumer,LOC02,Marketplace,2024-07-21
C00820,Customer 00820,Consumer,LOC03,Marketplace,2023-04-26
C00821,Customer 00821,Consumer,LOC03,Marketplace,2023-10-08
C00822,Customer 00822,Small Business,LOC02,Marketplace,2022-03-11
C00823,Customer 00823,Small Business,LOC02,Online,2022-03-16
C00824,Customer 00824,Small Business,LOC02,Marketplace,2021-12-01
C00825,Customer 00825,Consumer,LOC03,Online,2023-09-11
C00826,Customer 00826,Consumer,LOC03,Online,2021-01-14
C00827,Customer 00827,Consumer,LOC03,Online,2024-10-21
C00828,Customer 00828,Consumer,LOC05,Retail Store,2020-11-12
C00829,Customer 00829,Consumer,LOC02,Marketplace,2022-04-09
C00830,Customer 00830,Consumer,LOC06,Online,2021-07-20
C00831,Customer 00831,Consumer,LOC05,Marketplace,2023-03-02
C00832,Customer 00832,Enterprise,LOC02,Online,2023-05-10
C00833,Customer 00833,Consumer,LOC02,Marketplace,2024-07-11
C00834,Customer 00834,Enterprise,LOC02,Retail Store,2023-11-21
C00835,Customer 00835,Consumer,LOC02,Marketplace,2021-03-23
C00836,Customer 00836,Consumer,LOC03,Marketplace,2021-01-06
C00837,Customer 00837,Consumer,LOC01,Online,2024-05-14
C00838,Customer 00838,Consumer,LOC01,Online,2022-05-28
C00839,Customer 00839,Consumer,LOC03,Retail Store,2020-06-24
C00840,Customer 00840,Consumer,LOC05,Marketplace,2024-01-24
C00841,Customer 00841,Small Business,LOC02,Online,2023-03-13
C00842,Customer 00842,Consumer,LOC06,Online,2020-02-16
C00843,Customer 00843,Consumer,LOC03,Online,2023-11-10
C00844,Customer 00844,Consumer,LOC06,Online,2022-12-29
C00845,Customer 00845,Consumer,LOC02,Online,2023-01-11
C00846,Customer 00846,Consumer,LOC04,Online,2024-04-05
C00847,Customer 00847,Consumer,LOC05,Retail Store,2022-06-10
C00848,Customer 00848,Enterprise,LOC01,Online,2022-04-10
C00849,Customer 00849,Small Business,LOC06,Online,2023-01-16
C00850,Customer 00850,Consumer,LOC03,Online,2020-12-22
C00851,Customer 00851,Consumer,LOC03,Online,2020-09-29
C00852,Customer 00852,Consumer,LOC04,Retail Store,2024-02-27
C00853,Customer 00853,Small Business,LOC04,Online,2021-01-23
C00854,Customer 00854,Consumer,LOC01,Marketplace,2022-06-26
C00855,Customer 00855,Consumer,LOC06,Retail Store,2021-04-30
C00856,Customer 00856,Consumer,LOC04,Online,2021-02-18
C00857,Customer 00857,Small Business,LOC06,Marketplace,2022-12-12
C00858,Customer 00858,Consumer,LOC03,Retail Store,2023-12-15
C00859,Customer 00859,Small Business,LOC04,Online,2022-03-06
C00860,Customer 00860,Small Business,LOC03,Online,2020-09-06
C00861,Customer 00861,Consumer,LOC06,Retail Store,2021-03-16
C00862,Customer 00862,Small Business,LOC05,Retail Store,2020-10-23
C00863,Customer 00863,Consumer,LOC06,Online,2024-05-08
C00864,Customer 00864,Consumer,LOC04,Marketplace,2021-07-29
C00865,Customer 00865,Consumer,LOC05,Online,2021-11-04
C00866,Customer 00866,Enterprise,LOC03,Retail Store,2020-05-07
C00867,Customer 00867,Consumer,LOC03,Online,2022-03-13
C00868,Customer 00868,Consumer,LOC05,Online,2024-07-03
C00869,Customer 00869,Consumer,LOC01,Marketplace,2022-01-07
C00870,Customer 00870,Consumer,LOC05,Retail Store,2023-03-18
C00871,Customer 00871,Consumer,LOC01,Retail Store,2020-11-23
C00872,Customer 00872,Consumer,LOC04,Online,2020-09-14
C00873,Customer 00873,Consumer,LOC03,Online,2023-08-09
C00874,Customer 00874,Small Business,LOC03,Retail Store,2020-04-28
C00875,Customer 00875,Consumer,LOC03,Retail Store,2022-03-18
C00876,Customer 00876,Consumer,LOC03,Online,2021-07-24
C00877,Customer 00877,Consumer,LOC03,Marketplace,2020-01-30
C00878,Customer 00878,Consumer,LOC03,Online,2022-08-14
C00879,Customer 00879,Consumer,LOC04,Online,2024-10-01
C00880,Customer 00880,Consumer,LOC05,Online,2020-05-04
C00881,Customer 00881,Enterprise,LOC04,Online,2024-01-08
C00882,Customer 00882,Consumer,LOC04,Online,2022-08-28
C00883,Customer 00883,Consumer,LOC06,Retail Store,2023-07-26
C00884,Customer 00884,Consumer,LOC06,Online,2020-06-22
C00885,Customer 00885,Small Business,LOC01,Online,2024-04-13
C00886,Customer 00886,Consumer,LOC05,Online,2020-01-21
C00887,Customer 00887,Consumer,LOC02,Online,2024-06-20
C00888,Customer 00888,Small Business,LOC02,Online,2023-03-30
C00889,Customer 00889,Consumer,LOC05,Marketplace,2021-08-30
C00890,Customer 00890,Enterprise,LOC01,Online,2020-01-13
C00891,Customer 00891,Consumer,LOC06,Marketplace,2023-01-04
C00892,Customer 00892,Consumer,LOC05,Retail Store,2020-06-06
C00893,Customer 00893,Consumer,LOC06,Online,2022-12-31
C00894,Customer 00894,Small Business,LOC05,Retail Store,2023-10-23
C00895,Customer 00895,Consumer,LOC06,Retail Store,2021-04-26
C00896,Customer 00896,Consumer,LOC01,Retail Store,2021-03-05
C00897,Customer 00897,Consumer,LOC06,Marketplace,2021-02-03
C00898,Customer 00898,Consumer,LOC01,Marketplace,2021-02-08
C00899,Customer 00899,Consumer,LOC02,Marketplace,2020-07-24
C00900,Customer 00900,Consumer,LOC01,Marketplace,2021-03-25
C00901,Customer 00901,Small Business,LOC03,Online,2023-04-01
C00902,Customer 00902,Consumer,LOC05,Retail Store,2021-06-28
C00903,Customer 00903,Consumer,LOC02,Marketplace,2023-11-06
C00904,Customer 00904,Consumer,LOC05,Marketplace,2024-01-14
C00905,Customer 00905,Consumer,LOC04,Online,2023-10-01
C00906,Customer 00906,Consumer,LOC04,Online,2022-08-29
C00907,Customer 00907,Consumer,LOC06,Online,2021-07-23
C00908,Customer 00908,Consumer,LOC03,Online,2024-07-31
C00909,Customer 00909,Consumer,LOC03,Online,2021-01-04
C00910,Customer 00910,Consumer,LOC06,Online,2022-04-16
C00911,Customer 00911,Consumer,LOC04,Online,2022-03-27
C00912,Customer 00912,Consumer,LOC04,Online,2023-09-04
C00913,Customer 00913,Consumer,LOC02,Online,2022-09-11
C00914,Customer 00914,Consumer,LOC02,Retail Store,2023-12-10
C00915,Customer 00915,Small Business,LOC02,Online,2024-07-12
C00916,Customer 00916,Small Business,LOC02,Online,2021-12-04
C00917,Customer 00917,Consumer,LOC02,Online,2024-04-23
C00918,Customer 00918,Consumer,LOC05,Online,2020-11-01
C00919,Customer 00919,Consumer,LOC01,Online,2024-07-06
C00920,Customer 00920,Consumer,LOC04,Marketplace,2020-11-16
C00921,Customer 00921,Consumer,LOC06,Retail Store,2024-03-10
C00922,Customer 00922,Consumer,LOC05,Online,2021-12-03
C00923,Customer 00923,Consumer,LOC03,Marketplace,2024-10-02
C00924,Customer 00924,Small Business,LOC01,Online,2020-08-20
C00925,Customer 00925,Consumer,LOC06,Online,2022-04-17
C00926,Customer 00926,Consumer,LOC01,Online,2024-06-11
C00927,Customer 00927,Consumer,LOC05,Online,2020-03-26
C00928,Customer 00928,Enterprise,LOC05,Marketplace,2021-04-22
C00929,Customer 00929,Consumer,LOC02,Marketplace,2020-05-30
C00930,Customer 00930,Consumer,LOC05,Marketplace,2021-08-01
C00931,Customer 00931,Consumer,LOC02,Online,2021-12-03
C00932,Customer 00932,Consumer,LOC02,Marketplace,2023-01-19
C00933,Customer 00933,Enterprise,LOC05,Online,2021-04-08
C00934,Customer 00934,Consumer,LOC06,Online,2020-10-12
C00935,Customer 00935,Consumer,LOC02,Online,2020-11-01
C00936,Customer 00936,Consumer,LOC06,Marketplace,2024-08-16
C00937,Customer 00937,Consumer,LOC06,Retail Store,2024-09-11
C00938,Customer 00938,Small Business,LOC05,Online,2021-02-02
C00939,Customer 00939,Consumer,LOC01,Marketplace,2020-12-17
C00940,Customer 00940,Consumer,LOC02,Marketplace,2020-04-07
C00941,Customer 00941,Small Business,LOC05,Retail Store,2024-09-22
C00942,Customer 00942,Small Business,LOC06,Online,2023-06-25
C00943,Customer 00943,Consumer,LOC05,Marketplace,2023-10-01
C00944,Customer 00944,Consumer,LOC03,Marketplace,2021-06-07
C00945,Customer 00945,Consumer,LOC02,Retail Store,2023-02-27
C00946,Customer 00946,Consumer,LOC06,Online,2020-04-17
C00947,Customer 00947,Consumer,LOC02,Retail Store,2023-05-01
C00948,Customer 00948,Consumer,LOC03,Online,2022-11-09
C00949,Customer 00949,Small Business,LOC06,Retail Store,2021-08-19
C00950,Customer 00950,Small Business,LOC04,Online,2023-07-02
C00951,Customer 00951,Small Business,LOC02,Online,2023-03-09
C00952,Customer 00952,Enterprise,LOC01,Online,2022-03-01
C00953,Customer 00953,Consumer,LOC03,Online,2020-12-02
C00954,Customer 00954,Small Business,LOC06,Online,2020-02-12
C00955,Customer 00955,Small Business,LOC03,Online,2024-08-14
C00956,Customer 00956,Consumer,LOC05,Online,2021-05-21
C00957,Customer 00957,Consumer,LOC02,Online,2021-06-27
C00958,Customer 00958,Consumer,LOC05,Marketplace,2023-05-10
C00959,Customer 00959,Consumer,LOC05,Retail Store,2021-04-04
C00960,Customer 00960,Consumer,LOC04,Marketplace,2021-11-07
C00961,Customer 00961,Consumer,LOC05,Online,2023-07-04
C00962,Customer 00962,Consumer,LOC04,Online,2022-12-07
C00963,Customer 00963,Consumer,LOC03,Retail Store,2023-03-27
C00964,Customer 00964,Consumer,LOC05,Online,2020-01-09
C00965,Customer 00965,Small Business,LOC06,Online,2022-03-23
C00966,Customer 00966,Small Business,LOC06,Retail Store,2022-05-05
C00967,Customer 00967,Consumer,LOC02,Retail Store,2023-02-12
C00968,Customer 00968,Consumer,LOC05,Online,2020-09-29
C00969,Customer 00969,Consumer,LOC01,Marketplace,2020-10-14
C00970,Customer 00970,Small Business,LOC04,Online,2023-10-04
C00971,Customer 00971,Small Business,LOC04,Marketplace,2023-04-26
C00972,Customer 00972,Consumer,LOC03,Online,2023-12-31
C00973,Customer 00973,Small Business,LOC06,Online,2021-05-02
C00974,Customer 00974,Consumer,LOC06,Marketplace,2024-11-30
C00975,Customer 00975,Consumer,LOC01,Online,2021-05-06
C00976,Customer 00976,Enterprise,LOC02,Marketplace,2023-03-17
C00977,Customer 00977,Consumer,LOC02,Online,2020-10-18
C00978,Customer 00978,Consumer,LOC06,Retail Store,2024-07-11
C00979,Customer 00979,Consumer,LOC04,Retail Store,2021-08-21
C00980,Customer 00980,Consumer,LOC05,Online,2023-12-15
C00981,Customer 00981,Small Business,LOC05,Marketplace,2021-08-19
C00982,Customer 00982,Enterprise,LOC05,Online,2023-11-24
C00983,Customer 00983,Consumer,LOC01,Online,2022-03-28
C00984,Customer 00984,Consumer,LOC01,Online,2020-04-22
C00985,Customer 00985,Small Business,LOC03,Retail Store,2020-12-08
C00986,Customer 00986,Consumer,LOC03,Retail Store,2023-05-15
C00987,Customer 00987,Small Business,LOC05,Retail Store,2020-12-13
C00988,Customer 00988,Consumer,LOC01,Retail Store,2021-05-10
C00989,Customer 00989,Consumer,LOC03,Retail Store,2022-09-02
C00990,Customer 00990,Small Business,LOC02,Online,2021-03-31
C00991,Customer 00991,Consumer,LOC02,Retail Store,2020-08-19
C00992,Customer 00992,Consumer,LOC02,Marketplace,2023-01-28
C00993,Customer 00993,Consumer,LOC02,Online,2023-05-25
C00994,Customer 00994,Consumer,LOC04,Marketplace,2023-08-12
C00995,Customer 00995,Consumer,LOC03,Online,2024-08-26
C00996,Customer 00996,Consumer,LOC03,Online,2020-08-12
C00997,Customer 00997,Enterprise,LOC03,Online,2022-02-07
C00998,Customer 00998,Enterprise,LOC05,Online,2021-02-25
C00999,Customer 00999,Consumer,LOC06,Online,2024-06-09
C01000,Customer 01000,Consumer,LOC04,Retail Store,2022-08-29
